source,target,cost
19,278,4.158080905675888
47,281,4.078865647315979
61,282,4.152193948626518
84,291,4.28527045249939
89,277,5.335059225559235
131,298,4.177330046892166
158,300,4.135789304971695
169,301,4.085173234343529
172,303,4.122959107160568
186,305,4.192217290401459
206,307,4.155848115682602
213,307,4.169586896896362
256,310,4.15110482275486
